Street,City_Code,Price,Number of Rooms,Living Area,Land Size,URL,city_id,full_address,score
Quettingen, Leverkusen (51381),230.000 2.527,91 m²,Unknown,Unknown,https://www.immowelt.de/expose/2cef2882-abcc-4424-b609-d9a001aaa0a1,910,"Quettingen,  Leverkusen (51381)",189
Steinbuchel, Leverkusen (51377),279.000 2.405,3 Zimmer,116 m²,3. Geschoss,https://www.immowelt.de/expose/3612edc1-ccea-43a0-9a7c-f487ceafba75,910,"Steinbuchel,  Leverkusen (51377)",129
Quettingen, Leverkusen (51381),230.000 2.527,3 Zimmer,91 m²,Unknown,https://www.immowelt.de/expose/8deeae5b-8756-4a4b-9478-74652c29007c,910,"Quettingen,  Leverkusen (51381)",189
Rheindorf, Leverkusen (51371),249.000 3.192,3 Zimmer,78 m²,3. Geschoss,https://www.immowelt.de/expose/305d4b3d-d49e-4e9c-8608-34111f750610,910,"Rheindorf,  Leverkusen (51371)",208
Wiesdorf - West, Leverkusen (51373),285.000 3.904,4 Zimmer,73 m²,Unknown,https://www.immowelt.de/expose/67e0d667-7520-4e44-ac53-7d88af191d3b,910,"Wiesdorf - West,  Leverkusen (51373)",0
SurderstraÃŸe 28, Leverkusen (51375),685.400 4.425,5 Zimmer,"154,9 m²",350 m² Grundstuck,https://www.immowelt.de/expose/cc5d6f9d-c7fa-4447-8b2a-9fbeea00db94,910,"SurderstraÃŸe 28,  Leverkusen (51375)",0
Burrig, Leverkusen (51371),493.000 2.739,8 Zimmer,180 m²,448 m² Grundstuck,https://www.immowelt.de/expose/f0ac9256-7847-4977-b7d4-739bc612f3e4,910,"Burrig,  Leverkusen (51371)",166
Opladen, Leverkusen (51379),332.000 2.699,4 Zimmer,123 m²,4. Geschoss,https://www.immowelt.de/expose/1f42e940-b846-4e1e-bf4b-de8d568c66fc,910,"Opladen,  Leverkusen (51379)",534
Birkenweg 3, Leverkusen (51381),179.000 2.355,3 Zimmer,76 m²,Unknown,https://www.immowelt.de/expose/6a7126e9-5a30-45d5-a269-f91876e62e70,910,"Birkenweg 3,  Leverkusen (51381)",50
Wiesdorf - West, Leverkusen (51373),3.500.000 1.849,34 Zimmer,1.893 m²,1.500 m² Grundstuck,https://www.immowelt.de/expose/7ad76d00-7f58-40fa-b05f-ae47b0d1adef,910,"Wiesdorf - West,  Leverkusen (51373)",0
Humboldtstrasse 64, Leverkusen (51379),1.850.000 3.439,538 m²,249 m² Grundstuck,Unknown,https://www.immowelt.de/expose/9bde17ca-d949-47de-813d-fbaaa519aae8,910,"Humboldtstrasse 64,  Leverkusen (51379)",435
Burrig, Leverkusen (51371),299.000 3.005,4 Zimmer,"99,5 m²",4. Geschoss,https://www.immowelt.de/expose/5d565caf-ab4d-4a70-804e-291092b146a8,910,"Burrig,  Leverkusen (51371)",166
Bergisch Neukirchen, Leverkusen (51381),935.000 4.119,10 Zimmer,227 m²,1.058 m² Grundstuck,https://www.immowelt.de/expose/36e88b9c-6959-4730-a2bb-8be22fa5f482,910,"Bergisch Neukirchen,  Leverkusen (51381)",53
Lutzenkirchen, Leverkusen (51381),245.000 1.968,4 Zimmer,"124,5 m²",Unknown,https://www.immowelt.de/expose/88813090-ca18-453e-9cec-4cfc1053de85,910,"Lutzenkirchen,  Leverkusen (51381)",214
Waldsiedlung, Leverkusen (51375),595.000 2.975,7 Zimmer,200 m²,762 m² Grundstuck,https://www.immowelt.de/expose/a3f59f4a-8440-4234-baaa-f1c7c8122729,910,"Waldsiedlung,  Leverkusen (51375)",145
Hitdorf, Leverkusen (51371),695.000 3.103,224 m²,385 m² Grundstuck,Unknown,https://www.immowelt.de/expose/3dbc3587-b876-4f2f-9b8f-c3cd3579f430,910,"Hitdorf,  Leverkusen (51371)",130
Quettingen, Leverkusen (51381),399.000 2.733,5 Zimmer,146 m²,424 m² Grundstuck,https://www.immowelt.de/expose/e1361f75-90bf-4db6-9fc4-cbd138645487,910,"Quettingen,  Leverkusen (51381)",189
Schlebusch - Sud, Leverkusen / Schlebusch (51375),525.000 2.908,8 Zimmer,196 m²,995 m² Grundstuck,https://www.immowelt.de/expose/69a993cd-a9fa-4cc0-bedd-59f56b04b881,910,"Schlebusch - Sud,  Leverkusen / Schlebusch (51375)",0
Schlebusch - Sud, Leverkusen / Schlebusch (51375),525.000 2.679,8 Zimmer,196 m²,995 m² Grundstuck,https://www.immowelt.de/expose/128b921c-adf1-43a9-af1f-4c9820a33a22,910,"Schlebusch - Sud,  Leverkusen / Schlebusch (51375)",0
Manfort, Leverkusen (51377),399.000 4.750,3 Zimmer,84 m²,809 m² Grundstuck,https://www.immowelt.de/expose/d6222052-31df-4390-8bb8-9aeef82c58f9,910,"Manfort,  Leverkusen (51377)",188
Opladen, Leverkusen (51379),243.000 3.240,2 Zimmer,75 m²,1. Geschoss,https://www.immowelt.de/expose/95837f23-6071-43ce-9855-8054d9f5d40c,910,"Opladen,  Leverkusen (51379)",534
Schlebusch - Nord, Leverkusen (51375),349.500 4.369,3 Zimmer,80 m²,1. Geschoss,https://www.immowelt.de/expose/5e6124c9-6dd4-4f85-8acc-1763ce4f9104,910,"Schlebusch - Nord,  Leverkusen (51375)",286
Wiesdorf - West, Leverkusen (51373),3.495.000 2.479,57 Zimmer,1.410 m²,2.095 m² Grundstuck,https://www.immowelt.de/expose/992c7cf0-4caf-44bd-bc18-09963ea1e890,910,"Wiesdorf - West,  Leverkusen (51373)",0
Wiesdorf - West, Leverkusen (51373),1.495.000 2.960,15 Zimmer,505 m²,216 m² Grundstuck,https://www.immowelt.de/expose/c6d1fea9-ece4-4932-8373-bc68200eed2d,910,"Wiesdorf - West,  Leverkusen (51373)",0
Kuppersteg, Leverkusen (51373),410.000 2.645,6 Zimmer,155 m²,647 m² Grundstuck,https://www.immowelt.de/expose/6c44c83a-6501-49e3-a07f-c982c7daa583,910,"Kuppersteg,  Leverkusen (51373)",273
Schlebusch - Nord, Leverkusen (51375),289.900 5.175,2 Zimmer,56 m²,EG,https://www.immowelt.de/expose/cac1d0a5-7362-44e8-8702-849d83c346fb,910,"Schlebusch - Nord,  Leverkusen (51375)",286
Lutzenkirchen, Leverkusen (51381),325.000 2.955,4 Zimmer,110 m²,424 m² Grundstuck,https://www.immowelt.de/expose/c2bf7fad-ce01-46f9-93e7-9adbb37ad8b1,910,"Lutzenkirchen,  Leverkusen (51381)",214
Opladen, Leverkusen-Opladen (51379),778.000 3.125,8 Zimmer,249 m²,955 m² Grundstuck,https://www.immowelt.de/expose/f73dc4de-2899-43f2-9082-6fa4f8aaee94,910,"Opladen,  Leverkusen-Opladen (51379)",534
Opladen, Opladen (51379),955.900 4.306,7 Zimmer,222 m²,1.375 m² Grundstuck,https://www.immowelt.de/expose/52d66ee4-807b-4b3a-b480-7c00146d011d,910,"Opladen,  Opladen (51379)",534
Schlebusch - Nord, Leverkusen / Schlebusch (51375),990.000 2.097,14 Zimmer,472 m²,804 m² Grundstuck,https://www.immowelt.de/expose/cddf7de8-1a55-42e1-9777-1aab472c6db4,910,"Schlebusch - Nord,  Leverkusen / Schlebusch (51375)",0
Steinbuchel, Leverkusen (51377),349.000 2.209,6 Zimmer,158 m²,337 m² Grundstuck,https://www.immowelt.de/expose/a41b2aa4-cbc0-4b34-80dd-4a41fcda8869,910,"Steinbuchel,  Leverkusen (51377)",0
Bergisch Neukirchen, Leverkusen (51381),799.900 2.454,10 Zimmer,326 m²,737 m² Grundstuck,https://www.immowelt.de/expose/476ef110-c4a2-43f2-b1b4-0d9d72a05ebf,910,"Bergisch Neukirchen,  Leverkusen (51381)",53
Opladen, Leverkusen (51379),1.980.000 1.221,1.621 m²,2.226 m² Grundstuck,Unknown,https://www.immowelt.de/expose/bee14dee-edf4-41f5-8911-fb61cc797762,910,"Opladen,  Leverkusen (51379)",534
Opladen, Leverkusen (51379),239.000 2.951,"2,5 Zimmer",81 m²,Unknown,https://www.immowelt.de/expose/7887f3ae-14d9-4e2d-90bc-96c6ad438ac6,910,"Opladen,  Leverkusen (51379)",534
Opladen, Leverkusen (51379),239.000 2.951,"2,5 Zimmer",81 m²,Unknown,https://www.immowelt.de/expose/427f6f09-a30b-4631-a131-6b3fe42d98af,910,"Opladen,  Leverkusen (51379)",534
Opladen, Leverkusen (51379),539.000 3.171,5 Zimmer,170 m²,Unknown,https://www.immowelt.de/expose/e5fc8aa6-5827-4afe-8477-143b1b1a5b6a,910,"Opladen,  Leverkusen (51379)",534
Schlebusch - Nord, Leverkusen (51375),394.900 5.243,3 Zimmer,"75,3 m²",2. Geschoss,https://www.immowelt.de/expose/34b8e7f4-7c24-4f9a-80e2-34429eb48699,910,"Schlebusch - Nord,  Leverkusen (51375)",286
Schlebusch - Nord, Leverkusen (51375),494.900 5.157,3 Zimmer,96 m²,EG,https://www.immowelt.de/expose/418a6877-03a2-43cd-8cdb-f0dd53fd88df,910,"Schlebusch - Nord,  Leverkusen (51375)",286
Schlebusch - Nord, Leverkusen (51375),444.900 5.107,3 Zimmer,"87,1 m²",EG,https://www.immowelt.de/expose/39f851c2-aa93-4489-8b47-90118ab2e6f3,910,"Schlebusch - Nord,  Leverkusen (51375)",286
Schlebusch - Sud, Leverkusen (51375),1.490.000 3.697,8 Zimmer,403 m²,2.191 m² Grundstuck,https://www.immowelt.de/expose/371cb2d2-b0e3-4a2a-9a52-dfbf1cd571a2,910,"Schlebusch - Sud,  Leverkusen (51375)",0
Manfort, Leverkusen (51377),1201000,Unknown,Unknown,Unknown,https://www.immowelt.de/expose/01bbd338-28df-49a7-8330-fa205ed3d251,910,"Manfort,  Leverkusen (51377)",188
Wiesdorf - Ost, Leverkusen (51373),929.000 3.026,15 Zimmer,307 m²,834 m² Grundstuck,https://www.immowelt.de/expose/5b42ce72-6b0d-4980-90e9-09f98ceed237,910,"Wiesdorf - Ost,  Leverkusen (51373)",0
Opladen, Leverkusen (51379),370.000 2.846,5 Zimmer,130 m²,1.381 m² Grundstuck,https://www.immowelt.de/expose/b1856894-8ee7-480b-8db2-01b4a20f542e,910,"Opladen,  Leverkusen (51379)",0
Opladen, Leverkusen (51379),214.000 3.194,2 Zimmer,67 m²,2. Geschoss,https://www.immowelt.de/expose/b032cf23-ab39-41e0-a0e2-33750b91cff2,910,"Opladen,  Leverkusen (51379)",534
Wiesdorf - Ost, Leverkusen (51373),929.000 3.026,15 Zimmer,307 m²,834 m² Grundstuck,https://www.immowelt.de/expose/fc3597d0-2017-4236-a2ba-c27110c4037d,910,"Wiesdorf - Ost,  Leverkusen (51373)",0
Schlebusch - Nord, Leverkusen (51375),383.000 4.118,3 Zimmer,93 m²,Unknown,https://www.immowelt.de/expose/68e4613c-9b89-45f0-8099-5847fb8423b4,910,"Schlebusch - Nord,  Leverkusen (51375)",0
Schlebusch - Sud, Leverkusen (51375),399.000 3.142,3 Zimmer,127 m²,2. Geschoss,https://www.immowelt.de/expose/5af6385b-211a-47a6-8279-5f2177fa12e8,910,"Schlebusch - Sud,  Leverkusen (51375)",0
Wiesdorf - Ost, Leverkusen (51373),1.180.000 6.532,5 Zimmer,"180,6 m²",481 m² Grundstuck,https://www.immowelt.de/expose/876ac29a-0188-4603-8b0f-3616443c5995,910,"Wiesdorf - Ost,  Leverkusen (51373)",0
Gruner Weg 34, Leverkusen (51375),599.500 5.038,3 Zimmer,119 m²,EG,https://www.immowelt.de/expose/cdd30654-921a-4da4-bed0-b4eecc4259b3,910,"Gruner Weg 34,  Leverkusen (51375)",136
Kuppersteg, Leverkusen (51373),670.000 3.190,8 Zimmer,210 m²,613 m² Grundstuck,https://www.immowelt.de/expose/58c28f7d-33e7-43e1-8cf7-fc743b138b49,910,"Kuppersteg,  Leverkusen (51373)",273
Bergisch Neukirchen, Leverkusen (51381),348.000 4.971,2 Zimmer,70 m²,886 m² Grundstuck,https://www.immowelt.de/expose/f3c88988-8920-4062-8d37-39e9a8f20036,910,"Bergisch Neukirchen,  Leverkusen (51381)",53
Bergisch Neukirchen, Leverkusen (51381),575.000 4.021,4 Zimmer,143 m²,982 m² Grundstuck,https://www.immowelt.de/expose/8d3d532e-c71c-474b-b542-454a12518e99,910,"Bergisch Neukirchen,  Leverkusen (51381)",53
Lutzenkirchen, Leverkusen (51381),639.000 4.044,7 Zimmer,158 m²,691 m² Grundstuck,https://www.immowelt.de/expose/0a55b9fe-4a03-486a-a33e-ff4254838526,910,"Lutzenkirchen,  Leverkusen (51381)",214
Schlebusch - Nord, Leverkusen (51375),595.000 2.390,6 Zimmer,249 m²,733 m² Grundstuck,https://www.immowelt.de/expose/ba488d8a-9c3a-4aad-ad54-a9c8f04490c4,910,"Schlebusch - Nord,  Leverkusen (51375)",286
Opladen, Leverkusen (51379),199.000 3.205,2 Zimmer,"62,1 m²",2. Geschoss,https://www.immowelt.de/expose/e15e5745-e315-43b1-8509-0d6a5475b572,910,"Opladen,  Leverkusen (51379)",534
Lutzenkirchen, Leverkusen (51381),157.000 2.309,2 Zimmer,68 m²,Unknown,https://www.immowelt.de/expose/9403de85-0979-4c4d-bbf7-600f7bd38b23,910,"Lutzenkirchen,  Leverkusen (51381)",214
Lutzenkirchen, Leverkusen (51381),157.000 2.309,2 Zimmer,68 m²,Unknown,https://www.immowelt.de/expose/d4a47f32-2feb-4ef0-a30b-7cc8f5c92c08,910,"Lutzenkirchen,  Leverkusen (51381)",214
Steinbuchel, Leverkusen (51377),569.000 4.626,4 Zimmer,123 m²,345 m² Grundstuck,https://www.immowelt.de/expose/30e9b900-530b-4ce6-9375-e0ca3c55f90d,910,"Steinbuchel,  Leverkusen (51377)",129
Steinbuchel, Leverkusen (51377),265.000 2.760,4 Zimmer,96 m²,5. Geschoss,https://www.immowelt.de/expose/7106c7dd-5b70-44bc-b352-fed516f4c4e4,910,"Steinbuchel,  Leverkusen (51377)",129
Kuppersteg, Leverkusen (51373),815.000 2.629,9 Zimmer,310 m²,1.699 m² Grundstuck,https://www.immowelt.de/expose/d005fe79-b041-4f9c-ad0f-5555980ee7a4,910,"Kuppersteg,  Leverkusen (51373)",273
Immenweg 24, Leverkusen (51371),639.000 3.631,6 Zimmer,176 m²,553 m² Grundstuck,https://www.immowelt.de/expose/10c8afa4-d495-4d85-ace0-7556b5065941,910,"Immenweg 24,  Leverkusen (51371)",171
Lutzenkirchen, Leverkusen / Lutzenkirchen (51381),206.000 2.575,3 Zimmer,80 m²,Unknown,https://www.immowelt.de/expose/dd5ce33f-2da4-4e2e-a182-cb8a31ec210b,910,"Lutzenkirchen,  Leverkusen / Lutzenkirchen (51381)",82
Lutzenkirchen, Leverkusen (51381),589.000 3.636,6 Zimmer,162 m²,533 m² Grundstuck,https://www.immowelt.de/expose/5a8b712d-9edb-44a1-9c7e-63435fc55e4b,910,"Lutzenkirchen,  Leverkusen (51381)",214
Opladen, Leverkusen (51379),895.000 2.667,12 Zimmer,"335,6 m²",343 m² Grundstuck,https://www.immowelt.de/expose/bec4ff64-ff8c-4350-8fc6-469d07ac4d88,910,"Opladen,  Leverkusen (51379)",534
Gruner Weg 36, Leverkusen (51375),639.400 5.512,3 Zimmer,116 m²,EG,https://www.immowelt.de/expose/52c536fb-9422-45d6-8b10-d3ff42349796,910,"Gruner Weg 36,  Leverkusen (51375)",136
Gruner Weg 36, Leverkusen (51375),549.800 5.138,3 Zimmer,107 m²,EG,https://www.immowelt.de/expose/c2d6043e-1f2f-4000-a68a-7f1e5e919dcf,910,"Gruner Weg 36,  Leverkusen (51375)",136
Schlebusch - Nord, Leverkusen (51375),288.500 3.629,3 Zimmer,"79,5 m²",2. Geschoss,https://www.immowelt.de/expose/9d18b7bb-e189-49a1-8d82-1a11d416e205,910,"Schlebusch - Nord,  Leverkusen (51375)",286
Burrig, Leverkusen (51371),489.900 5.210,3 Zimmer,"92,1 m²",frei ab sofort,https://www.immowelt.de/expose/3fada4fd-2e49-44df-a906-f21f9af4a128,910,"Burrig,  Leverkusen (51371)",166
Hitdorf, Leverkusen (51371),465.000 4.387,"4,5 Zimmer",106 m²,1. Geschoss,https://www.immowelt.de/expose/cc080e1d-d3b4-4365-95ba-a74541b0fd5a,910,"Hitdorf,  Leverkusen (51371)",130
Rheindorf, Leverkusen (51371),1.980.000 2.209,"896,3 m²",Unknown,Unknown,https://www.immowelt.de/expose/fcbdc4bf-eff6-42e6-9a4e-01fe6da3feb6,910,"Rheindorf,  Leverkusen (51371)",208
Kuppersteg, Leverkusen (51373),414.000 5.284,"3,5 Zimmer","78,4 m²",2. Geschoss,https://www.immowelt.de/expose/9c210bba-ffe4-416f-b2d6-b97997aff675,910,"Kuppersteg,  Leverkusen (51373)",273
Kuppersteg, Leverkusen (51373),407.000 5.286,"3,5 Zimmer",77 m²,2. Geschoss,https://www.immowelt.de/expose/99a1823b-56d8-4d72-a3c2-1173e2ef058e,910,"Kuppersteg,  Leverkusen (51373)",273
Kuppersteg, Leverkusen (51373),317.000 5.252,"2,5 Zimmer","60,4 m²",2. Geschoss,https://www.immowelt.de/expose/7acbee2f-aa58-4a1a-8e34-ee8e0531860b,910,"Kuppersteg,  Leverkusen (51373)",273
Kuppersteg, Leverkusen (51373),414.000 5.284,"3,5 Zimmer","78,4 m²",1. Geschoss,https://www.immowelt.de/expose/01a1e344-8fcf-4cdb-aad3-ba3ffdc27b92,910,"Kuppersteg,  Leverkusen (51373)",273
Von-Ketteler-StraÃŸe 79, Leverkusen (51371),489.900 5.322,3 Zimmer,"92,1 m²",EG,https://www.immowelt.de/expose/d32375b7-4244-48c2-a3f2-3ba74fee8b66,910,"Von-Ketteler-StraÃŸe 79,  Leverkusen (51371)",0
Schlebusch - Nord, Leverkusen (51375),250.000 4.167,"1,5 Zimmer",60 m²,frei ab sofort,https://www.immowelt.de/expose/7dd027a1-92a2-4d16-96a7-e683873f3785,910,"Schlebusch - Nord,  Leverkusen (51375)",286
Burscheiderstr, Leverkusen (51381),140.000 2.154,2 Zimmer,65 m²,frei ab sofort,https://www.immowelt.de/expose/fc489853-d44b-4db5-bf53-03a864794b66,910,"Burscheiderstr,  Leverkusen (51381)",50
RingstraÃŸe, Leverkusen (51371),360.000 2.707,5 Zimmer,133 m²,580 m² Grundstuck,https://www.immowelt.de/expose/dd55f890-29a1-463b-931f-ce5a5efdd8e2,910,"RingstraÃŸe,  Leverkusen (51371)",0
Am Heidkamp 11, Leverkusen (51381),260.000 1.667,4 Zimmer,156 m²,216 m² Grundstuck,https://www.immowelt.de/expose/a38b3f63-fe26-4493-8b56-92dc365f3529,910,"Am Heidkamp 11,  Leverkusen (51381)",95
Burscheid, Burscheid (51399),298.000 3.041,4 Zimmer,98 m²,Unknown,https://www.immowelt.de/expose/6e91f145-afd2-4823-a4b6-6964d2dc83a9,910,"Burscheid,  Burscheid (51399)",29
Leichlingen, Leichlingen (Rheinland) (42799),159.000 2.944,2 Zimmer,54 m²,1. Geschoss,https://www.immowelt.de/expose/1eac5076-604b-4719-be8d-83d94d3c7065,910,"Leichlingen,  Leichlingen (Rheinland) (42799)",278
Arheilgen - West, Darmstadt / Arheilgen (64291),649.000 2.846,8 Zimmer,228 m²,344 m² Grundstuck,https://www.immowelt.de/expose/2c163d27-f93a-4863-b678-957ca46378c1,910,"Arheilgen - West,  Darmstadt / Arheilgen (64291)",76
ParkstraÃŸe 30, Darmstadt (64289),349.000 3.292,"3,5 Zimmer",106 m²,2. Geschoss,https://www.immowelt.de/expose/ae124458-ce67-4f03-9e84-145b8c4b1665,910,"ParkstraÃŸe 30,  Darmstadt (64289)",0
HeimstÃ¤ttensiedlung, Darmstadt (64295),772.319 5.679,5 Zimmer,136 m²,460 m² Grundstuck,https://www.immowelt.de/expose/f5792a2c-70e7-4b26-bb32-213f90c3cb5b,910,"HeimstÃ¤ttensiedlung,  Darmstadt (64295)",0
Am Oberfeld, Darmstadt (64287),977.341 7.946,5 Zimmer,123 m²,325 m² Grundstuck,https://www.immowelt.de/expose/675e155f-9de0-4834-a991-4c9574f6fb3b,910,"Am Oberfeld,  Darmstadt (64287)",206
Arheilgen - Ost, Darmstadt (64291),747.400 6.126,5 Zimmer,122 m²,336 m² Grundstuck,https://www.immowelt.de/expose/69c2f4a0-e1d8-4bea-9288-2d6e963daaf6,910,"Arheilgen - Ost,  Darmstadt (64291)",0
Paulusviertel, Darmstadt (64285),2.944.960 12.020,6 Zimmer,245 m²,1.000 m² Grundstuck,https://www.immowelt.de/expose/f4b8c7e9-5c94-4b7c-a31c-b8486f6131fc,910,"Paulusviertel,  Darmstadt (64285)",161
Wixhausen - West, Darmstadt / Wixhausen (64291),519.900 4.406,"5,5 Zimmer",118 m²,203 m² Grundstuck,https://www.immowelt.de/expose/88051e12-9671-4b3e-9bf0-a5789850a877,910,"Wixhausen - West,  Darmstadt / Wixhausen (64291)",0
Parkstrasse 30, Darmstadt (64283),349.000 3.292,4 Zimmer,106 m²,1. Geschoss,https://www.immowelt.de/expose/528b7720-a91f-4cca-9794-4711c1f8abff,910,"Parkstrasse 30,  Darmstadt (64283)",62
HeimstÃ¤ttensiedlung, Darmstadt (64295),685.000 4.127,6 Zimmer,166 m²,620 m² Grundstuck,https://www.immowelt.de/expose/6b87000e-9f2c-47d1-9998-86e434029e8a,910,"HeimstÃ¤ttensiedlung,  Darmstadt (64295)",0
HavelstraÃŸe 22, Darmstadt (64295),94.000 1.843,2 Zimmer,51 m²,4. Geschoss,https://www.immowelt.de/expose/96cccc3d-c0dc-4511-a0b9-c3ae501f3603,910,"HavelstraÃŸe 22,  Darmstadt (64295)",0
Rheinstr. 308, Darmstadt (64295),519.000 3.788,137 m²,349 m² Grundstuck,frei ab sofort,https://www.immowelt.de/expose/86335416-142e-4359-9d62-fbc3092c0046,910,"Rheinstr. 308,  Darmstadt (64295)",0
Kranichstein - Sud, Darmstadt (64289),250.000 3.125,3 Zimmer,80 m²,8. Geschoss,https://www.immowelt.de/expose/3c70becc-c9e8-45e3-be42-f9636ff74bc6,910,"Kranichstein - Sud,  Darmstadt (64289)",0
WaldstraÃŸe 14, Darmstadt (64297),549.000 3.978,7 Zimmer,138 m²,238 m² Grundstuck,https://www.immowelt.de/expose/8210ce11-be39-405c-9a15-6558b89067fa,910,"WaldstraÃŸe 14,  Darmstadt (64297)",0
HeimstÃ¤ttensiedlung, Darmstadt (64295),762.017 5.603,5 Zimmer,136 m²,430 m² Grundstuck,https://www.immowelt.de/expose/6e7a8dd6-caf5-48bd-97f0-4d59c2565e1a,910,"HeimstÃ¤ttensiedlung,  Darmstadt (64295)",0
Pallaswiesenviertel, Darmstadt (64293),279.000 4.169,2 Zimmer,"66,9 m²",3. Geschoss,https://www.immowelt.de/expose/932cb93f-a51b-435f-a8af-d94d543a2453,910,"Pallaswiesenviertel,  Darmstadt (64293)",219
Alt-Bessungen, Darmstadt (64285),339.000 4.771,"2,5 Zimmer","71,1 m²",EG,https://www.immowelt.de/expose/b3fd192f-94a3-4fd0-97a1-322900e7df66,910,"Alt-Bessungen,  Darmstadt (64285)",212
St. Ludwig mit Eichbergviertel, Darmstadt (64285),230.000 5.443,2 Zimmer,"42,3 m²",Unknown,https://www.immowelt.de/expose/7012a614-dab1-4288-a58f-c12f74c85cca,910,"St. Ludwig mit Eichbergviertel,  Darmstadt (64285)",537
Arheilgen - Ost, Darmstadt (64291),756.400 5.730,5 Zimmer,132 m²,210 m² Grundstuck,https://www.immowelt.de/expose/6911a511-ff4b-46cc-bbc0-6c2228f109e8,910,"Arheilgen - Ost,  Darmstadt (64291)",0
St. Ludwig mit Eichbergviertel, Darmstadt (64283),655.000 5.186,4 Zimmer,"126,3 m²",1. Geschoss,https://www.immowelt.de/projekte/expose/k2gu832,910,"St. Ludwig mit Eichbergviertel,  Darmstadt (64283)",537
St. Ludwig mit Eichbergviertel, Darmstadt (64283),398.000 4.963,3 Zimmer,"80,2 m²",2. Geschoss,https://www.immowelt.de/projekte/expose/k2gu832,910,"St. Ludwig mit Eichbergviertel,  Darmstadt (64283)",537
Woogsviertel, Darmstadt (64287),349.000 3.806,4 Zimmer,"91,7 m²",Unknown,https://www.immowelt.de/expose/570eefb9-c2e8-44fd-ac90-ff7b02e0174c,910,"Woogsviertel,  Darmstadt (64287)",336
Kranichstein - Sud, Darmstadt (64289),135.000 4.091,1 Zimmer,33 m²,5. Geschoss,https://www.immowelt.de/expose/87d40f63-9446-45d9-83bc-dfd02e3195df,910,"Kranichstein - Sud,  Darmstadt (64289)",0
Kapellplatzviertel, Darmstadt (64285),318.000 3.786,3 Zimmer,84 m²,3. Geschoss,https://www.immowelt.de/expose/51a005cb-9f3f-4fcc-a34e-4eb7857c3c91,910,"Kapellplatzviertel,  Darmstadt (64285)",784
TrinkbornstraÃŸe 72, Darmstadt (64291),390.000 4.963,2 Zimmer,"78,6 m²",Unknown,https://www.immowelt.de/expose/c092633b-218a-407d-9264-0495850c20bf,910,"TrinkbornstraÃŸe 72,  Darmstadt (64291)",0
Verlegerviertel, Darmstadt (64295),299.000 4.823,3 Zimmer,62 m²,1. Geschoss,https://www.immowelt.de/expose/c08f3fba-cc07-472a-a8aa-15dd988c35f2,910,"Verlegerviertel,  Darmstadt (64295)",276
An den Lichtwiesen, Darmstadt (64287),297.500 5.065,2 Zimmer,"58,7 m²",1. Geschoss,https://www.immowelt.de/expose/56876d5a-d974-4680-8419-d4bea03e729b,910,"An den Lichtwiesen,  Darmstadt (64287)",132
St. Ludwig mit Eichbergviertel, Darmstadt (64283),194.500 4.322,2 Zimmer,45 m²,3. Geschoss,https://www.immowelt.de/expose/43a3e6a4-fff4-4692-8918-8da3c3393ae7,910,"St. Ludwig mit Eichbergviertel,  Darmstadt (64283)",537
Kirchtannensiedlung, Darmstadt (64297),679.500 5.679,4 Zimmer,"119,7 m²",2. Geschoss,https://www.immowelt.de/expose/8d86c5bf-a132-4756-a8ba-4dc3223b9a4a,910,"Kirchtannensiedlung,  Darmstadt (64297)",137
Kirchtannensiedlung, Darmstadt (64297),429.500 5.545,3 Zimmer,"77,5 m²",1. Geschoss,https://www.immowelt.de/expose/23eac733-13ac-458c-843e-1acdf5761523,910,"Kirchtannensiedlung,  Darmstadt (64297)",137
Waldkolonie, Darmstadt (64293),450.000 3.333,5 Zimmer,135 m²,170 m² Grundstuck,https://www.immowelt.de/expose/312d89ea-cfbd-40a5-86f5-30aef518a66d,910,"Waldkolonie,  Darmstadt (64293)",82
Kirchtannensiedlung, Darmstadt (64297),233.000 4.660,2 Zimmer,50 m²,EG,https://www.immowelt.de/expose/5717e493-1538-495d-9b05-39d8caf4e585,910,"Kirchtannensiedlung,  Darmstadt (64297)",137
Kranichstein - Sud, Darmstadt / Kranichstein (64289),169.000 2.641,2 Zimmer,64 m²,Unknown,https://www.immowelt.de/expose/9ed0c569-8104-42f1-ae2a-1e213f2d7579,910,"Kranichstein - Sud,  Darmstadt / Kranichstein (64289)",0
Kranichstein - Sud, Darmstadt / Kranichstein (64289),169.000 2.641,2 Zimmer,64 m²,Unknown,https://www.immowelt.de/expose/d2d69b35-abe6-4951-a9e5-48fa8942ddc8,910,"Kranichstein - Sud,  Darmstadt / Kranichstein (64289)",0
Am Oberfeld, Darmstadt (64287),1.500.000 10.180,6 Zimmer,"147,4 m²",736 m² Grundstuck,https://www.immowelt.de/expose/990ab727-9f4b-4fe0-9438-83d6212f19b6,910,"Am Oberfeld,  Darmstadt (64287)",206
Alt-Eberstadt, Darmstadt (64297),450.000 4.206,5 Zimmer,107 m²,238 m² Grundstuck,https://www.immowelt.de/expose/21599d09-a273-4042-9108-17b4a56ccf21,910,"Alt-Eberstadt,  Darmstadt (64297)",273
Verlegerviertel, Darmstadt (64295),229.000 3.948,2 Zimmer,58 m²,5. Geschoss,https://www.immowelt.de/expose/026d4a35-cbbe-4e77-95c2-fa76e28d6171,910,"Verlegerviertel,  Darmstadt (64295)",276
St. Ludwig mit Eichbergviertel, Darmstadt (64285),1.000.000 1.919,521 m²,644 m² Grundstuck,Unknown,https://www.immowelt.de/expose/dc9fd5ee-aa60-4a5c-90b3-b6a3e1ed730f,910,"St. Ludwig mit Eichbergviertel,  Darmstadt (64285)",537
Martinsviertel - Ost, Darmstadt (64289),1.975.000 4.702,30 Zimmer,500 m²,225 m² Grundstuck,https://www.immowelt.de/expose/967a2fc8-5ce6-4ca3-88d7-7109bd2ac404,910,"Martinsviertel - Ost,  Darmstadt (64289)",416
Wixhausen - Ost, Darmstadt (64291),350.000 4.667,2 Zimmer,75 m²,frei ab sofort,https://www.immowelt.de/expose/526501f9-8684-44a6-be81-20c64b3760d6,910,"Wixhausen - Ost,  Darmstadt (64291)",0
Villenkolonie, Darmstadt (64297),250.000 3.205,"3,5 Zimmer","78,3 m²",EG,https://www.immowelt.de/expose/689584ee-47ce-4234-aa3d-886b527ff9b8,910,"Villenkolonie,  Darmstadt (64297)",3
Wixhausen - Ost, Darmstadt (64291),699.000 3.883,8 Zimmer,180 m²,483 m² Grundstuck,https://www.immowelt.de/expose/610e79ad-ccfe-437f-aab8-c8033c39622c,910,"Wixhausen - Ost,  Darmstadt (64291)",0
MathildenhÃ¶he, Darmstadt (64283),250.000 5.000,2 Zimmer,50 m²,2. Geschoss,https://www.immowelt.de/expose/d7383bda-7eb7-40d9-8fa8-d7c6a41bd24a,910,"MathildenhÃ¶he,  Darmstadt (64283)",0
Verlegerviertel, Darmstadt (64295),890.000 6.496,4 Zimmer,137 m²,6. Geschoss,https://www.immowelt.de/expose/58e86f7f-37fa-45b4-beda-bbca2f4bea70,910,"Verlegerviertel,  Darmstadt (64295)",276
Villenkolonie, Darmstadt (64297),1.000.000 4.098,10 Zimmer,"250,5 m²",1.015 m² Grundstuck,https://www.immowelt.de/expose/4cbb4dfa-546c-4d13-ab4a-1ee5990bacbc,910,"Villenkolonie,  Darmstadt (64297)",3
Am Frankenstein, Darmstadt (64297),475.000 3.420,6 Zimmer,"138,9 m²",1. Geschoss,https://www.immowelt.de/expose/a89e32d6-2751-4d59-9cf8-06ace03ff5b9,910,"Am Frankenstein,  Darmstadt (64297)",183
Waldkolonie, Darmstadt (64293),619.000 4.874,5 Zimmer,127 m²,99 m² Grundstuck,https://www.immowelt.de/expose/1c1c762c-1435-4c4f-8e26-78b929b71baf,910,"Waldkolonie,  Darmstadt (64293)",82
Waldkolonie, Darmstadt (64293),1.149.000 3.535,12 Zimmer,400 m²,489 m² Grundstuck,https://www.immowelt.de/expose/b5617cb2-d21a-436a-b2a3-7ee9d7a67ff7,910,"Waldkolonie,  Darmstadt (64293)",82
Waldkolonie, Darmstadt (64293),1.149.000 3.535,12 Zimmer,325 m²,489 m² Grundstuck,https://www.immowelt.de/expose/15808c03-8077-4a77-99eb-62f065e71e7d,910,"Waldkolonie,  Darmstadt (64293)",82
St. Ludwig mit Eichbergviertel, Darmstadt (64285),1.000.000 1.919,1 Zimmer,521 m²,644 m² Grundstuck,https://www.immowelt.de/expose/4421eb80-afc1-4d9f-87a6-e78f7b934737,910,"St. Ludwig mit Eichbergviertel,  Darmstadt (64285)",537
St. Ludwig mit Eichbergviertel, Darmstadt (64283),2.200.000 2.200.000,1 Zimmer,1 m²,EG,https://www.immowelt.de/expose/29eed35a-0f34-4b1d-819b-905f4c5c9389,910,"St. Ludwig mit Eichbergviertel,  Darmstadt (64283)",537
HeimstÃ¤ttensiedlung, Darmstadt (64295),621.900 5.183,4 Zimmer,120 m²,225 m² Grundstuck,https://www.immowelt.de/expose/0f7c4533-29ba-484a-93c9-d8059c98a945,910,"HeimstÃ¤ttensiedlung,  Darmstadt (64295)",0
St. Ludwig mit Eichbergviertel, Darmstadt (64285),1.000.000 1.553,644 m²,Unknown,Unknown,https://www.immowelt.de/expose/b5c5923a-0936-44af-8654-d86ebb1989df,910,"St. Ludwig mit Eichbergviertel,  Darmstadt (64285)",537
Am Oberfeld, Darmstadt (64287),938.827 6.803,5 Zimmer,138 m²,325 m² Grundstuck,https://www.immowelt.de/expose/9eb6ff2b-6298-479d-8e2c-3490181012c7,910,"Am Oberfeld,  Darmstadt (64287)",206
Alt-Bessungen, Darmstadt (64285),410.000 6.119,2 Zimmer,67 m²,2. Geschoss,https://www.immowelt.de/expose/e81a1d13-25ff-49cb-bdd0-95885057d44b,910,"Alt-Bessungen,  Darmstadt (64285)",212
HebbelstraÃŸe 11, Darmstadt (64291),570.000 3.413,7 Zimmer,167 m²,Unknown,https://www.immowelt.de/expose/d69e51f4-ca29-4273-8a70-127c78532045,910,"HebbelstraÃŸe 11,  Darmstadt (64291)",0
KiesstraÃŸe 82, Darmstadt (64287),979.000 3.839,11 Zimmer,255 m²,Unknown,https://www.immowelt.de/expose/9d84a368-dbc7-4b99-ad1f-fe929b5186ff,910,"KiesstraÃŸe 82,  Darmstadt (64287)",0
Alfred-Messel-Weg 20, Darmstadt (64287),1.040.000 4.649,10 Zimmer,"223,7 m²",Unknown,https://www.immowelt.de/expose/f52e6bb8-4633-48b6-8d3f-a0f23e19a9f2,910,"Alfred-Messel-Weg 20,  Darmstadt (64287)",173
HebbelstraÃŸe 5, Darmstadt (64291),276.600 3.852,3 Zimmer,"71,8 m²",2. Geschoss,https://www.immowelt.de/expose/deb19e51-7ea6-41cb-a8b0-ad2d3a80ff31,910,"HebbelstraÃŸe 5,  Darmstadt (64291)",0
Schiebelhuthweg 16, Darmstadt (64295),185.000 3.615,2 Zimmer,"51,2 m²",2. Geschoss,https://www.immowelt.de/expose/d26b7d26-d622-4f7a-bae8-da0ed7896a9c,910,"Schiebelhuthweg 16,  Darmstadt (64295)",221
KarlstraÃŸe 29, Darmstadt (64283),335.000 4.710,3 Zimmer,"71,1 m²",3. Geschoss,https://www.immowelt.de/expose/3b94e441-59a3-4935-b76a-dd3dc23c525a,910,"KarlstraÃŸe 29,  Darmstadt (64283)",0
Brucknerstrasse, Darmstadt (64291),629.000 3.494,8 Zimmer,180 m²,483 m² Grundstuck,https://www.immowelt.de/expose/bec716f6-4665-47d2-b89d-bedff55b28d5,910,"Brucknerstrasse,  Darmstadt (64291)",82
Wixhausen - Ost, Darmstadt (64291),839.000 3.227,"5,5 Zimmer",260 m²,540 m² Grundstuck,https://www.immowelt.de/expose/55714223-9158-4cc1-a8dd-13acaaf9ff05,910,"Wixhausen - Ost,  Darmstadt (64291)",0
Am Oberfeld, Darmstadt (64287),3.100.000 11.191,9 Zimmer,277 m²,1.715 m² Grundstuck,https://www.immowelt.de/expose/a725f853-6a19-484d-99cb-5b0b6c65d454,910,"Am Oberfeld,  Darmstadt (64287)",206
HeimstÃ¤ttensiedlung, Darmstadt (64295),1.149.000 7.609,5 Zimmer,151 m²,473 m² Grundstuck,https://www.immowelt.de/expose/0b47333e-ea3a-40a4-824c-9d050d0f0bfc,910,"HeimstÃ¤ttensiedlung,  Darmstadt (64295)",0
St. Ludwig mit Eichbergviertel, Darmstadt (64283),375.000 4.070,"3,5 Zimmer","92,1 m²",4. Geschoss,https://www.immowelt.de/expose/a5fa6193-6b3e-4da7-a19f-85d7326f485d,910,"St. Ludwig mit Eichbergviertel,  Darmstadt (64283)",537
Am Frankenstein, Darmstadt (64297),1.646.950 9.982,4 Zimmer,165 m²,690 m² Grundstuck,https://www.immowelt.de/expose/88499643-6979-4ad5-874b-4103f24e11c3,910,"Am Frankenstein,  Darmstadt (64297)",183
Paulusviertel, Darmstadt (64285),1.500.000 7.576,7 Zimmer,198 m²,590 m² Grundstuck,https://www.immowelt.de/expose/44ea4b89-8a4e-425d-9d5a-b6caba57d600,910,"Paulusviertel,  Darmstadt (64285)",161
Johannesviertel, Darmstadt (64293),420.000 4.355,3 Zimmer,"96,5 m²",2. Geschoss,https://www.immowelt.de/expose/a2240734-aca8-4e23-908b-2809a5f0147c,910,"Johannesviertel,  Darmstadt (64293)",519
Johannesviertel, Darmstadt (64293),236.000 4.306,2 Zimmer,"54,8 m²",2. Geschoss,https://www.immowelt.de/expose/0ec7d884-a5a2-40c7-8af4-ef72d27b84a8,910,"Johannesviertel,  Darmstadt (64293)",519
Johannesviertel, Darmstadt (64293),655.000 4.338,6 Zimmer,151 m²,2. Geschoss,https://www.immowelt.de/expose/865256e3-72f4-4220-baf8-0236bf1bfb75,910,"Johannesviertel,  Darmstadt (64293)",519
Arheilgen - Ost, Darmstadt (64291),898.200 6.856,5 Zimmer,131 m²,464 m² Grundstuck,https://www.immowelt.de/expose/0f468002-5a5c-4e40-948d-f82755e48b3b,910,"Arheilgen - Ost,  Darmstadt (64291)",0
Martinsviertel - Ost, Darmstadt (64289),1.975.000 4.702,30 Zimmer,420 m²,225 m² Grundstuck,https://www.immowelt.de/expose/ad2321c9-fbf7-4eaa-8391-ca278690ba0a,910,"Martinsviertel - Ost,  Darmstadt (64289)",416
Alt-Bessungen, Darmstadt (64285),249.000 4.150,3 Zimmer,60 m²,Unknown,https://www.immowelt.de/expose/4c2ca4f3-0ab5-46d8-ae49-46aa4bf876c7,910,"Alt-Bessungen,  Darmstadt (64285)",212
Wixhausen - Ost, Darmstadt (64291),420.000 4.161,4 Zimmer,"100,9 m²",Unknown,https://www.immowelt.de/expose/adeb6684-b484-48d9-b1ca-f83c3649b886,910,"Wixhausen - Ost,  Darmstadt (64291)",0
Rheintor / GrafenstraÃŸe, Darmstadt (64283),4.650.000 5.569,26 Zimmer,835 m²,421 m² Grundstuck,https://www.immowelt.de/expose/9acb290f-1df7-4343-ad58-a2cacba91fb0,910,"Rheintor / GrafenstraÃŸe,  Darmstadt (64283)",0
Im Fiedlersee 14, Darmstadt (64291),275.000 3.830,3 Zimmer,"71,8 m²",EG,https://www.immowelt.de/expose/3818a9a4-c3c0-4eb8-8b07-54dcf0d7e0ee,910,"Im Fiedlersee 14,  Darmstadt (64291)",95
HebbelstraÃŸe 3, Darmstadt (64291),275.000 3.830,3 Zimmer,"71,8 m²",2. Geschoss,https://www.immowelt.de/expose/f08b516f-c6ba-497f-807d-2408b717b927,910,"HebbelstraÃŸe 3,  Darmstadt (64291)",0
MichaelisstraÃŸe 15, Darmstadt (64293),215.000 3.716,2 Zimmer,"57,9 m²",2. Geschoss,https://www.immowelt.de/expose/42a62b5c-8ec8-4aeb-836e-36003763c943,910,"MichaelisstraÃŸe 15,  Darmstadt (64293)",0
Wedekindweg 5, Darmstadt (64293),230.000 3.395,"2,5 Zimmer","67,8 m²",3. Geschoss,https://www.immowelt.de/expose/22ab12bc-3456-4102-8be1-4029ec3bf736,910,"Wedekindweg 5,  Darmstadt (64293)",83
Alt-Bessungen, Darmstadt (64285),395.000 4.938,3 Zimmer,80 m²,Unknown,https://www.immowelt.de/expose/de4d62b1-48cd-42bb-8bd2-41964d467574,910,"Alt-Bessungen,  Darmstadt (64285)",212
Woogsviertel, Darmstadt (64287),1.500.000 3.145,16 Zimmer,477 m²,460 m² Grundstuck,https://www.immowelt.de/expose/f67fc292-a98f-46a9-b10d-69939533ecb0,910,"Woogsviertel,  Darmstadt (64287)",336
RiedeselstraÃŸe 43, Darmstadt (64283),290.000 4.328,3 Zimmer,67 m²,2. Geschoss,https://www.immowelt.de/expose/beaf16f8-41ca-4c10-8798-7f1c95d0cfd5,910,"RiedeselstraÃŸe 43,  Darmstadt (64283)",0
Am Frankenstein, Darmstadt / Eberstadt (64297),895.000 5.967,5 Zimmer,150 m²,294 m² Grundstuck,https://www.immowelt.de/expose/5fc33d6a-6fa8-40c9-a25a-c340dc3be21b,910,"Am Frankenstein,  Darmstadt / Eberstadt (64297)",183
Am LÃ¤mmchesberg, Darmstadt / Eberstadt (64297),899.000 2.997,10 Zimmer,300 m²,474 m² Grundstuck,https://www.immowelt.de/expose/fe31efb0-05ca-469c-8033-78d7f266f7d6,910,"Am LÃ¤mmchesberg,  Darmstadt / Eberstadt (64297)",0
Alt-Arheilgen, Darmstadt (64291),458.000 3.817,5 Zimmer,120 m²,603 m² Grundstuck,https://www.immowelt.de/expose/2b7d7576-8f81-47c1-afd1-520c96b3e3f4,910,"Alt-Arheilgen,  Darmstadt (64291)",0
Kapellplatzviertel, Darmstadt (64283),935.000 2.833,330 m²,Unknown,Unknown,https://www.immowelt.de/expose/edb6725f-75f1-477a-b2c5-5035d752ffbb,910,"Kapellplatzviertel,  Darmstadt (64283)",784
Kirchtannensiedlung, Darmstadt (64297),367.500 2.450,3 Zimmer,150 m²,1. Geschoss,https://www.immowelt.de/expose/c0c7a31d-5d97-4390-85c3-8f75b810da3f,910,"Kirchtannensiedlung,  Darmstadt (64297)",137
Alt-Eberstadt, Darmstadt (64297),319.900 3.563,5 Zimmer,"89,8 m²",286 m² Grundstuck,https://www.immowelt.de/expose/92c969f3-da8b-49a9-a9ad-0c7255be773c,910,"Alt-Eberstadt,  Darmstadt (64297)",273
Kranichstein - Nord, Darmstadt (64289),182.000 2.427,3 Zimmer,75 m²,Unknown,https://www.immowelt.de/expose/78b01f96-5381-4406-a89f-88f0e4319262,910,"Kranichstein - Nord,  Darmstadt (64289)",0
Alt-Eberstadt, Darmstadt (64297),1.295.000 3.488,15 Zimmer,"371,3 m²",1.072 m² Grundstuck,https://www.immowelt.de/expose/d360ba6d-e84c-4e2c-81c7-864ca51cdaa3,910,"Alt-Eberstadt,  Darmstadt (64297)",273
Kranichstein - Sud, Darmstadt (64289),182000,Unknown,Unknown,Unknown,https://www.immowelt.de/expose/9cfa12a0-3d24-43f6-9e65-53cac1fc364f,910,"Kranichstein - Sud,  Darmstadt (64289)",0
Kranichstein - Sud, Darmstadt (64289),182.000 2.427,3 Zimmer,75 m²,Unknown,https://www.immowelt.de/expose/9762301e-e48e-448e-a008-d7ac989dad20,910,"Kranichstein - Sud,  Darmstadt (64289)",0
Arheilgen - Ost, Darmstadt (64291),968.500 6.414,5 Zimmer,151 m²,382 m² Grundstuck,https://www.immowelt.de/expose/f6857a7e-05bf-4446-af4c-ced835108712,910,"Arheilgen - Ost,  Darmstadt (64291)",0
Am Oberfeld, Darmstadt (64287),1.416.627 12.878,4 Zimmer,110 m²,630 m² Grundstuck,https://www.immowelt.de/expose/1a0d0dd0-651f-4bae-91a2-10aaec5c543f,910,"Am Oberfeld,  Darmstadt (64287)",206
De-la-Fosse-Weg 17 und 17a, Darmstadt-Ost (64289),1.900.000 6.552,9 Zimmer,290 m²,1.665 m² Grundstuck,https://www.immowelt.de/expose/d8aa3b72-7822-402a-8b22-c365213a0424,910,"De-la-Fosse-Weg 17 und 17a,  Darmstadt-Ost (64289)",0
Woogsviertel, Darmstadt (64287),245.000 6.125,1 Zimmer,40 m²,frei ab 01.03.2025,https://www.immowelt.de/expose/cf6332cd-9b8d-407a-935a-5cd0cff73ad4,910,"Woogsviertel,  Darmstadt (64287)",336
Alt-Bessungen, Darmstadt (64285),798.000 4.156,9 Zimmer,192 m²,157 m² Grundstuck,https://www.immowelt.de/expose/5c8cf96d-03c7-4099-8dbd-1acf78e9f61c,910,"Alt-Bessungen,  Darmstadt (64285)",212
Wixhausen - Ost, Darmstadt (64291),485.000 4.619,"4,5 Zimmer",105 m²,Unknown,https://www.immowelt.de/expose/53c3e740-526a-489b-afcb-4893f9a90c02,910,"Wixhausen - Ost,  Darmstadt (64291)",0
Waldkolonie, Darmstadt (64295),Preis auf Anfrage,11 Zimmer,224 m²,512 m² Grundstuck,https://www.immowelt.de/expose/8ebc9685-7bdd-45d1-a2b4-f4cec34895aa,910,"Waldkolonie,  Darmstadt (64295)",82
Alt-Bessungen, Darmstadt (64285),1.390.000 3.648,16 Zimmer,381 m²,242 m² Grundstuck,https://www.immowelt.de/expose/2be4a222-656a-4987-923e-d19505e7d65c,910,"Alt-Bessungen,  Darmstadt (64285)",212
Kranichstein - Sud, Darmstadt / Kranichstein (64289),699.000 5.295,4 Zimmer,132 m²,848 m² Grundstuck,https://www.immowelt.de/expose/cdd14f97-0a5b-4ae3-98a3-ae774fe3ed85,910,"Kranichstein - Sud,  Darmstadt / Kranichstein (64289)",0
Georg-Spengler-StraÃŸe 15, Darmstadt / Arheilgen (64291),669.000 4.401,6 Zimmer,152 m²,160 m² Grundstuck,https://www.immowelt.de/expose/9f2ba3cc-8b96-4a65-85f2-6321da6fb9db,910,"Georg-Spengler-StraÃŸe 15,  Darmstadt / Arheilgen (64291)",0
Waldkolonie, Darmstadt (64293),1.190.000 4.586,9 Zimmer,"259,5 m²",611 m² Grundstuck,https://www.immowelt.de/expose/87de91e7-3d24-4c9b-b77a-0c62a0339785,910,"Waldkolonie,  Darmstadt (64293)",82
Alt-Arheilgen, Darmstadt-Arheiligen (64291),184.000 4.000,"1,5 Zimmer",46 m²,Unknown,https://www.immowelt.de/expose/b5a7a90a-f94d-44a5-b64a-01bc768352c7,910,"Alt-Arheilgen,  Darmstadt-Arheiligen (64291)",0
Am Kavalleriesand, Fischamend (2401),169.500 2.825,2 Zimmer,60 m²,2. Geschoss,https://www.immowelt.de/expose/54e06cbe-82cd-45c2-a716-99833a42f5a6,910,"Am Kavalleriesand,  Fischamend (2401)",0
Johannesviertel, Darmstadt (64293),879.000 3.280,13 Zimmer,268 m²,155 m² Grundstuck,https://www.immowelt.de/expose/190c0c31-7495-4839-81ec-a953702797b4,910,"Johannesviertel,  Darmstadt (64293)",519
Wixhausen - Ost, Darmstadt / Wixhausen (64291),1.001.000 3.805,11 Zimmer,"263,1 m²",330 m² Grundstuck,https://www.immowelt.de/expose/44b3d1f0-1f08-451d-b18e-e236787c1f4a,910,"Wixhausen - Ost,  Darmstadt / Wixhausen (64291)",0
Alt-Eberstadt, Darmstadt-Eberstadt (64297),286.000 3.163,"3,5 Zimmer","90,4 m²",Unknown,https://www.immowelt.de/expose/58bbae20-f1da-4fbb-9ac0-ccfd1eb4d7f5,910,"Alt-Eberstadt,  Darmstadt-Eberstadt (64297)",273
Karlsstr. 32, Darmstadt (64283),359.000 5.129,3 Zimmer,70 m²,Unknown,https://www.immowelt.de/expose/64cb0080-abe6-4fc2-a8fc-8ad37090cc1c,910,"Karlsstr. 32,  Darmstadt (64283)",0
Kirchtannensiedlung, Darmstadt (64297),330.000 2.444,5 Zimmer,135 m²,6. Geschoss,https://www.immowelt.de/expose/1751ad81-0abb-4160-a28f-5c11580a9d33,910,"Kirchtannensiedlung,  Darmstadt (64297)",137
Kapellplatzviertel, Darmstadt (64283),Preis auf Anfrage,2 Zimmer,79 m²,2. Geschoss,https://www.immowelt.de/expose/dd7ba111-65de-426a-9626-7477e5e761ce,910,"Kapellplatzviertel,  Darmstadt (64283)",784
St. Ludwig mit Eichbergviertel, Darmstadt (64283),250.000 4.167,"1,5 Zimmer",60 m²,frei ab sofort,https://www.immowelt.de/expose/31565162-e17c-4ed2-869e-8f36d2b81fce,910,"St. Ludwig mit Eichbergviertel,  Darmstadt (64283)",537
Alt-Bessungen, Darmstadt (64285),329.000 3.871,4 Zimmer,85 m²,Unknown,https://www.immowelt.de/expose/9856db30-c7e8-4a10-bf1f-08d8ff46a2ab,910,"Alt-Bessungen,  Darmstadt (64285)",212
Wixhausen - Ost, Darmstadt (64291),750.000 6.881,7 Zimmer,109 m²,884 m² Grundstuck,https://www.immowelt.de/expose/faefa484-fa58-4d56-bccb-8f1aa611d3bd,910,"Wixhausen - Ost,  Darmstadt (64291)",0
Woogsviertel, Darmstadt (64287),315.000 4.091,3 Zimmer,77 m²,Unknown,https://www.immowelt.de/expose/83c6d678-e2a9-421e-8161-f30f7f6187f2,910,"Woogsviertel,  Darmstadt (64287)",336
Johannesviertel, Darmstadt (64293),375.000 6.250,3 Zimmer,60 m²,Unknown,https://www.immowelt.de/expose/3bf8538c-ff86-4eb5-a665-399659d61807,910,"Johannesviertel,  Darmstadt (64293)",519
Wixhausen - West, Darmstadt / Wixhausen (64291),569.900 4.160,"5,5 Zimmer",137 m²,200 m² Grundstuck,https://www.immowelt.de/expose/cbf24bca-c66d-468f-bf14-1470b513b6de,910,"Wixhausen - West,  Darmstadt / Wixhausen (64291)",0
Falltorstr. 10, Darmstadt / Wixhausen (64291),430.000 4.593,3 Zimmer,"93,6 m²",EG,https://www.immowelt.de/expose/c9bb2ac8-d5a7-4e5c-8e22-02ca2612d084,910,"Falltorstr. 10,  Darmstadt / Wixhausen (64291)",81
Am Frankenstein, Darmstadt (64297),610.000 3.211,5 Zimmer,190 m²,2. Geschoss,https://www.immowelt.de/expose/2a7732df-ae48-456e-9d02-2a7f6d4e8acb,910,"Am Frankenstein,  Darmstadt (64297)",183
Paulusviertel, Darmstadt (64285),250.000 4.167,"1,5 Zimmer",60 m²,frei ab sofort,https://www.immowelt.de/expose/e56458ed-1017-406e-8db7-4b47bace1360,910,"Paulusviertel,  Darmstadt (64285)",161
Falltorstr. 10, Darmstadt / Wixhausen (64291),460.000 4.621,4 Zimmer,"99,5 m²",1. Geschoss,https://www.immowelt.de/expose/a8978dbe-4f0f-4ee8-a21f-5bc81089d086,910,"Falltorstr. 10,  Darmstadt / Wixhausen (64291)",81
Falltorstr. 10, Darmstadt / Wixhausen (64291),390.000 4.794,3 Zimmer,"81,4 m²",2. Geschoss,https://www.immowelt.de/expose/4ef99e29-a8f7-4c1e-9aff-d9851da22521,910,"Falltorstr. 10,  Darmstadt / Wixhausen (64291)",81
Falltorstr. 10a, Darmstadt / Wixhausen (64291),520.000 4.887,4 Zimmer,"106,4 m²",EG,https://www.immowelt.de/expose/4397c868-bd9f-4cfd-8bce-ff312e4f7858,910,"Falltorstr. 10a,  Darmstadt / Wixhausen (64291)",78
Falltorstr. 10a, Darmstadt / Wixhausen (64291),520.000 4.590,4 Zimmer,"113,3 m²",1. Geschoss,https://www.immowelt.de/expose/5fca8f66-6c12-46b8-9ffa-7177070c5c82,910,"Falltorstr. 10a,  Darmstadt / Wixhausen (64291)",78
Steinbergweg, Darmstadt (64285),300.000 2.609,"3,5 Zimmer",115 m²,frei ab sofort,https://www.immowelt.de/expose/da3f300d-d52a-4fe9-b8fc-d8ef3cba9081,910,"Steinbergweg,  Darmstadt (64285)",109
Bachgauweg, Darmstadt (64291),130.000 977,4 Zimmer,133 m²,frei ab sofort,https://www.immowelt.de/expose/8245a361-8d4f-462c-8c60-c04d846cd9cd,910,"Bachgauweg,  Darmstadt (64291)",94
Masurenweg, Darmstadt (64297),241.000 1.669,9 Zimmer,"144,4 m²",332 m² Grundstuck,https://www.immowelt.de/expose/ff4fcff7-3227-48c1-b149-9ed2c4c37d0c,910,"Masurenweg,  Darmstadt (64297)",56
An der Posch, Darmstadt (64295),341.000 2.131,6 Zimmer,160 m²,Unknown,https://www.immowelt.de/expose/76bffb09-9ab2-48c7-81b5-14fb17bc2565,910,"An der Posch,  Darmstadt (64295)",0
Masurenweg, Darmstadt (64297),241.000 1.669,9 Zimmer,"144,4 m²",332 m² Grundstuck,https://www.immowelt.de/expose/7a744e92-db01-4377-9c19-2c504491221b,910,"Masurenweg,  Darmstadt (64297)",56
GrÃ¤fenhausen, Weiterstadt (64331),599.000 3.698,6 Zimmer,162 m²,1. Geschoss,https://www.immowelt.de/expose/cd04477c-e018-4d82-90d0-9ded82e3b3ba,910,"GrÃ¤fenhausen,  Weiterstadt (64331)",0
GrÃ¤fenhausen, Weiterstadt (64331),610.000 4.485,"3,5 Zimmer",136 m²,Unknown,https://www.immowelt.de/expose/0812193c-634c-42e4-8d54-dae6badb850e,910,"GrÃ¤fenhausen,  Weiterstadt (64331)",0
RoÃŸdorf, RoÃŸdorf (64380),534.000 2.967,180 m²,Unknown,Unknown,https://www.immowelt.de/expose/2dc3f64e-6dbe-4a09-bb75-a91b66b3da74,910,"RoÃŸdorf,  RoÃŸdorf (64380)",0
WiesenstraÃŸe 25, Weiterstadt (64331),449.000 4.880,3 Zimmer,92 m²,2. Geschoss,https://www.immowelt.de/expose/d171f5c6-eb9b-47b0-ae98-6054336c2161,910,"WiesenstraÃŸe 25,  Weiterstadt (64331)",0
WiesenstraÃŸe 25, Weiterstadt (64331),449.000 4.880,3 Zimmer,92 m²,2. Geschoss,https://www.immowelt.de/expose/63876f0a-7a8d-49b4-8053-82f1abe85747,910,"WiesenstraÃŸe 25,  Weiterstadt (64331)",0
RoÃŸdorf, RoÃŸdorf (64380),389.000 2.387,6 Zimmer,163 m²,363 m² Grundstuck,https://www.immowelt.de/expose/93ab1f3e-9aa8-42d0-84cf-7ab4a09de5b3,910,"RoÃŸdorf,  RoÃŸdorf (64380)",0
RoÃŸdorf, RoÃŸdorf (64830),479.000 4.888,3 Zimmer,98 m²,Unknown,https://www.immowelt.de/expose/5790a561-027f-42a7-a364-eaa3ae8f4f77,910,"RoÃŸdorf,  RoÃŸdorf (64830)",0
GrÃ¤fenhausen, Weiterstadt / GrÃ¤fenhausen (64331),469.000 2.775,8 Zimmer,169 m²,780 m² Grundstuck,https://www.immowelt.de/expose/bde9fcf5-5e90-4326-bed1-51e7abc054f2,910,"GrÃ¤fenhausen,  Weiterstadt / GrÃ¤fenhausen (64331)",0
Weiterstadt, Weiterstadt (64331),849.000 4.539,"5,5 Zimmer","187,1 m²",765 m² Grundstuck,https://www.immowelt.de/expose/4e165525-13db-427a-9223-c9d13ca3774e,910,"Weiterstadt,  Weiterstadt (64331)",124
GrÃ¤fenhausen, Weiterstadt (64331),1.395.000 4.500,8 Zimmer,310 m²,795 m² Grundstuck,https://www.immowelt.de/expose/c167fd5b-5241-4165-b011-a09f2c68e8d4,910,"GrÃ¤fenhausen,  Weiterstadt (64331)",0
RoÃŸdorf, RoÃŸdorf (64380),189.000 3.048,3 Zimmer,62 m²,1. Geschoss,https://www.immowelt.de/expose/f430ce10-6cc8-40ec-b9f5-c63bb7ffddd9,910,"RoÃŸdorf,  RoÃŸdorf (64380)",0
Auf dem Wentzenrod 2, Messel (64409),557.000 3.602,5 Zimmer,"154,6 m²",193 m² Grundstuck,https://www.immowelt.de/projekte/expose/k227832,910,"Auf dem Wentzenrod 2,  Messel (64409)",32
Auf dem Wentzenrod 2, Messel (64409),631.000 4.314,5 Zimmer,"146,3 m²",222 m² Grundstuck,https://www.immowelt.de/projekte/expose/k227832,910,"Auf dem Wentzenrod 2,  Messel (64409)",32
Auf dem Wentzenrod 2, Messel (64409),612.500 4.187,5 Zimmer,"146,3 m²",196 m² Grundstuck,https://www.immowelt.de/projekte/expose/k227832,910,"Auf dem Wentzenrod 2,  Messel (64409)",32
Aschendorf, Papenburg (26871),352.000 2.587,4 Zimmer,"136,1 m²",550 m² Grundstuck,https://www.immowelt.de/expose/a559bc62-325c-40ec-ab54-70b006ae3776,996,"Aschendorf,  Papenburg (26871)",127
Papenburg - Obenende, Papenburg (26871),449.000 2.303,5 Zimmer,195 m²,1.565 m² Grundstuck,https://www.immowelt.de/expose/3ad1df05-47a4-4cc3-9cb4-14cbea1e818c,996,"Papenburg - Obenende,  Papenburg (26871)",65
Papenburg - Untenende, Papenburg (26871),127.000 2.547,1 Zimmer,"49,9 m²",EG,https://www.immowelt.de/expose/2cdf53e2-eb47-43a5-9d36-5ba3ed17952b,996,"Papenburg - Untenende,  Papenburg (26871)",3
Bokel, Papenburg (26871),136.500 2.625,2 Zimmer,52 m²,EG,https://www.immowelt.de/expose/a7a6f58a-255e-4b2e-bc25-127ea8139af8,996,"Bokel,  Papenburg (26871)",0
Papenburg - Untenende, Papenburg (26871),178.000 2.618,2 Zimmer,68 m²,Unknown,https://www.immowelt.de/expose/f0ae46a8-aa10-42c5-9635-506ab4d9eeb4,996,"Papenburg - Untenende,  Papenburg (26871)",3
Papenburg - Untenende, Papenburg (26871),220.000 3.306,2 Zimmer,"66,5 m²",Unknown,https://www.immowelt.de/expose/ba1916c9-6b6e-4e14-bad5-72f1f84c0689,996,"Papenburg - Untenende,  Papenburg (26871)",3
MittelstraÃŸe 7, Stadt Papenburg (26871),242.000 1.729,5 Zimmer,140 m²,387 m² Grundstuck,https://www.immowelt.de/expose/d0b2de32-e79f-43c7-8ac1-4108e2bcaf68,996,"MittelstraÃŸe 7,  Stadt Papenburg (26871)",0
Aschendorf, Papenburg (26871),465.000 2.167,7 Zimmer,"214,6 m²",3.630 m² Grundstuck,https://www.immowelt.de/expose/2ec70642-3c84-4ef3-9425-9b79438939bf,996,"Aschendorf,  Papenburg (26871)",127
Papenburg - Obenende, Papenburg (26871),434.000 1.512,15 Zimmer,287 m²,991 m² Grundstuck,https://www.immowelt.de/expose/113f1d58-ac3d-426b-ad72-9c92767b60e5,996,"Papenburg - Obenende,  Papenburg (26871)",65
Aschendorf, Papenburg-Aschendorf (26871),355.000 2.610,6 Zimmer,136 m²,2. Geschoss,https://www.immowelt.de/expose/3aff085f-ef18-473d-8e7d-502d0b94afe9,996,"Aschendorf,  Papenburg-Aschendorf (26871)",127
PoststraÃŸe 3, Papenburg / Aschendorf (Ems) (26871),529.000 1.620,"326,6 m²",Unknown,Unknown,https://www.immowelt.de/expose/92476816-f534-4df8-8d3f-c98486d2a820,996,"PoststraÃŸe 3,  Papenburg / Aschendorf (Ems) (26871)",0
Papenburg - Untenende, Papenburg (26871),265.000 2.652,3 Zimmer,"99,9 m²",270 m² Grundstuck,https://www.immowelt.de/expose/33945860-fa73-414c-99d6-ea20e83a987d,996,"Papenburg - Untenende,  Papenburg (26871)",3
Oldenburger StraÃŸe 20, Papenburg / Aschendorf (Ems) (26871),186.000 1.329,140 m²,900 m² Grundstuck,Unknown,https://www.immowelt.de/expose/c590c765-ef4e-4938-a1a7-d1456a7781b7,996,"Oldenburger StraÃŸe 20,  Papenburg / Aschendorf (Ems) (26871)",0
Aschendorf, Papenburg (26871),299.000 2.600,4 Zimmer,115 m²,362 m² Grundstuck,https://www.immowelt.de/expose/7e729c7e-521f-4781-aa23-4103402bdaee,996,"Aschendorf,  Papenburg (26871)",127
Bokel, Papenburg (26871),225.000 2.885,3 Zimmer,78 m²,Unknown,https://www.immowelt.de/expose/a2969eb1-43c5-4c29-8904-0c8a360d1e52,996,"Bokel,  Papenburg (26871)",0
Bokel, Papenburg (26871),217.500 2.979,3 Zimmer,73 m²,Unknown,https://www.immowelt.de/expose/3fb0b71d-a4f2-4dc5-844c-be783e9bbaa4,996,"Bokel,  Papenburg (26871)",0
Aschendorf, Papenburg (26871),249.000 4.046,3 Zimmer,"61,6 m²","315,1 m² Grundstuck",https://www.immowelt.de/expose/f0778bd1-2790-49d0-adc7-ec3e6926c27f,996,"Aschendorf,  Papenburg (26871)",127
Papenburg - Obenende, Papenburg-Obenende (26871),250.000 1.471,7 Zimmer,170 m²,1.000 m² Grundstuck,https://www.immowelt.de/expose/ac6821f5-9a8b-4b5a-84be-dc0b1b206e1e,996,"Papenburg - Obenende,  Papenburg-Obenende (26871)",0
Papenburg - Obenende, Papenburg (26871),350.000 1.667,7 Zimmer,210 m²,864 m² Grundstuck,https://www.immowelt.de/expose/60ddb41e-32cb-4db1-9d0f-2c484141d86a,996,"Papenburg - Obenende,  Papenburg (26871)",65
Aschendorf, Papenburg (26871),569.000 2.411,5 Zimmer,236 m²,Unknown,https://www.immowelt.de/expose/102ca202-3de0-48f3-9fc8-c35ed8e2b53f,996,"Aschendorf,  Papenburg (26871)",127
Papenburg - Untenende, Papenburg (26871),329.000 2.419,5 Zimmer,136 m²,445 m² Grundstuck,https://www.immowelt.de/expose/012ce453-c19c-49be-9150-1242c0201d26,996,"Papenburg - Untenende,  Papenburg (26871)",3
Aschendorf, Papenburg (26871),335.000 2.538,4 Zimmer,132 m²,696 m² Grundstuck,https://www.immowelt.de/expose/f722ae3f-6a9c-4626-9f97-87689da33685,996,"Aschendorf,  Papenburg (26871)",127
Aschendorf, Papenburg (26871),550.000 2.750,6 Zimmer,200 m²,1.200 m² Grundstuck,https://www.immowelt.de/expose/6ade04a4-e5d4-4bec-b54a-4601d910bb4e,996,"Aschendorf,  Papenburg (26871)",127
Papenburg - Obenende, Papenburg (26871),330.000 3.173,"4,5 Zimmer",104 m²,320 m² Grundstuck,https://www.immowelt.de/expose/6b3fbe22-9d0e-4a44-95e9-cb4e8312c6e9,996,"Papenburg - Obenende,  Papenburg (26871)",65
Herbrum, Papenburg- Herbrum (26871),398.000 3.015,5 Zimmer,132 m²,661 m² Grundstuck,https://www.immowelt.de/expose/0ba292cc-19af-43af-b191-bba6733e031e,996,"Herbrum,  Papenburg- Herbrum (26871)",18
Aschendorf, Papenburg / Aschendorf (Ems) (26871),289.000 3.061,3 Zimmer,"94,4 m²",Unknown,https://www.immowelt.de/expose/67474d39-8c42-44b0-a219-f592891fc655,996,"Aschendorf,  Papenburg / Aschendorf (Ems) (26871)",127
Aschendorf, Papenburg / Aschendorf (Ems) (26871),244.900 3.458,2 Zimmer,"70,8 m²",Unknown,https://www.immowelt.de/expose/69824c80-7157-44c9-9576-84bf4c07d343,996,"Aschendorf,  Papenburg / Aschendorf (Ems) (26871)",0
Aschendorf, Papenburg (26871),299.000 2.048,5 Zimmer,146 m²,1.557 m² Grundstuck,https://www.immowelt.de/expose/6b02a24e-3406-4056-a360-8492c95cdac7,996,"Aschendorf,  Papenburg (26871)",0
Papenburg - Obenende, Papenburg (26871),229.000 1.052,10 Zimmer,"217,7 m²",630 m² Grundstuck,https://www.immowelt.de/expose/c41c5ece-e69e-4d89-8ccf-9c280429b75e,996,"Papenburg - Obenende,  Papenburg (26871)",0
Papenburg - Obenende, Papenburg (26871),485.000 2.756,5 Zimmer,176 m²,1.203 m² Grundstuck,https://www.immowelt.de/expose/093f3d64-dc5f-4fc5-af03-7b877654f21d,996,"Papenburg - Obenende,  Papenburg (26871)",65
Papenburg - Untenende, Papenburg (26871),215.800 2.600,3 Zimmer,83 m²,Unknown,https://www.immowelt.de/expose/521d1f0a-5d39-4a24-a6e0-31bfb6e411a5,996,"Papenburg - Untenende,  Papenburg (26871)",0
Papenburg - Obenende, Papenburg (26871),349.000 2.181,5 Zimmer,160 m²,850 m² Grundstuck,https://www.immowelt.de/expose/af01ff1c-4b50-4865-b6a9-1552901ebd36,996,"Papenburg - Obenende,  Papenburg (26871)",0
Papenburg - Obenende, Papenburg (26871),299.000 3.144,3 Zimmer,"95,1 m²",669 m² Grundstuck,https://www.immowelt.de/expose/6f442b6b-8059-4af3-86fd-212eff8987d1,996,"Papenburg - Obenende,  Papenburg (26871)",65
Papenburg - Obenende, Papenburg (26871),395.000 3.062,4 Zimmer,129 m²,614 m² Grundstuck,https://www.immowelt.de/expose/df8275cf-4ff7-4b87-b9ac-25b6a1d84e7d,996,"Papenburg - Obenende,  Papenburg (26871)",65
Papenburg - Obenende, Papenburg (26871),207.000 1.617,6 Zimmer,128 m²,1.170 m² Grundstuck,https://www.immowelt.de/expose/8ece3a33-669a-4848-9e1e-9b5a7c406d7a,996,"Papenburg - Obenende,  Papenburg (26871)",65
Papenburg - Obenende, Papenburg (26871),209.000 1.608,5 Zimmer,130 m²,948 m² Grundstuck,https://www.immowelt.de/expose/682afc20-3415-4716-84fb-7ae695b72067,996,"Papenburg - Obenende,  Papenburg (26871)",0
Aschendorf, Papenburg (26871),287.500 2.396,4 Zimmer,120 m²,827 m² Grundstuck,https://www.immowelt.de/expose/ae538af4-b8da-4877-84f2-62f7adfb598d,996,"Aschendorf,  Papenburg (26871)",0
Papenburg - Obenende, Papenburg (26871),319.000 2.669,"119,5 m²",760 m² Grundstuck,Unknown,https://www.immowelt.de/expose/1900883c-a9d1-42fb-8d1a-a6667d99ecb3,996,"Papenburg - Obenende,  Papenburg (26871)",65
Papenburg - Untenende, Papenburg (26871),215.800 2.600,3 Zimmer,83 m²,Unknown,https://www.immowelt.de/expose/09bf569e-93a8-4a24-8adb-e29df23f9590,996,"Papenburg - Untenende,  Papenburg (26871)",3
Papenburg - Untenende, Papenburg (26871),215.800 2.600,3 Zimmer,83 m²,Unknown,https://www.immowelt.de/expose/ef3f835a-e541-4c9b-a413-a3feded469a3,996,"Papenburg - Untenende,  Papenburg (26871)",3
Papenburg - Untenende, Papenburg (26871),Preis auf Anfrage,2 Zimmer,"68,5 m²",Unknown,https://www.immowelt.de/expose/e2e3952f-fc8e-4bd9-abde-4e0e24d0a858,996,"Papenburg - Untenende,  Papenburg (26871)",3
Papenburg - Untenende, Papenburg (26871),178.000 2.599,2 Zimmer,"68,5 m²",Unknown,https://www.immowelt.de/expose/dc11d5b9-db12-4b31-bdd5-a79fd5c2fc3f,996,"Papenburg - Untenende,  Papenburg (26871)",0
Aschendorf, Aschendorf (26871),245.000 1.531,6 Zimmer,160 m²,568 m² Grundstuck,https://www.immowelt.de/expose/5ab25ce2-2fb6-4e42-9b97-59be350a8650,996,"Aschendorf,  Aschendorf (26871)",127
Bokel, Papenburg (26871),325.000 1.512,10 Zimmer,215 m²,1.075 m² Grundstuck,https://www.immowelt.de/expose/88fe5bd0-5df2-4dca-a548-0f22d94cf24e,996,"Bokel,  Papenburg (26871)",0
Herbrum, Papenburg (26871),610.998 2.314,16 Zimmer,264 m²,680 m² Grundstuck,https://www.immowelt.de/expose/5715082f-ecd6-478c-899b-cd083fd2a62b,996,"Herbrum,  Papenburg (26871)",18
Papenburg - Untenende, Papenburg (26871),649.000 2.207,8 Zimmer,294 m²,2.112 m² Grundstuck,https://www.immowelt.de/expose/e6fa6bdd-86c0-455a-8c8f-78473cc8aba9,996,"Papenburg - Untenende,  Papenburg (26871)",3
Papenburg - Untenende, Papenburg (26871),470.000 1.679,7 Zimmer,280 m²,930 m² Grundstuck,https://www.immowelt.de/expose/1e26b314-9def-47d0-ba5c-18640d03a930,996,"Papenburg - Untenende,  Papenburg (26871)",3
Papenburg - Untenende, Papenburg (26871),129.000 3.152,1 Zimmer,"40,9 m²",2. Geschoss,https://www.immowelt.de/expose/bd427c4e-1edc-48d7-a074-a5bd9ebff520,996,"Papenburg - Untenende,  Papenburg (26871)",0
Papenburg - Obenende, Papenburg (26871),318.000 2.038,5 Zimmer,156 m²,1.280 m² Grundstuck,https://www.immowelt.de/expose/2a2a02d6-82b9-4e59-88a1-878e4bd24adc,996,"Papenburg - Obenende,  Papenburg (26871)",0
Papenburg - Obenende, Papenburg (26871),272.890 2.999,6 Zimmer,91 m²,345 m² Grundstuck,https://www.immowelt.de/expose/e5657e9a-1505-4047-88bf-db4ef953fee0,996,"Papenburg - Obenende,  Papenburg (26871)",0
Papenburg - Untenende, Papenburg (26871),465.000 3.494,4 Zimmer,"133,1 m²",Unknown,https://www.immowelt.de/expose/f21871bc-7676-4417-9862-344bf616a030,996,"Papenburg - Untenende,  Papenburg (26871)",3
Papenburg - Untenende, Papenburg (26871),465.000 3.499,4 Zimmer,"132,9 m²",Unknown,https://www.immowelt.de/expose/0aa4474e-2650-4f4b-aee1-4f9e1fffc44f,996,"Papenburg - Untenende,  Papenburg (26871)",0
Papenburg - Untenende, Papenburg (26871),285.000 3.316,3 Zimmer,86 m²,Unknown,https://www.immowelt.de/expose/3643e356-df98-4001-a66e-89bd8f7b0a15,996,"Papenburg - Untenende,  Papenburg (26871)",3
Papenburg - Untenende, Papenburg (26871),285.000 3.323,3 Zimmer,"85,8 m²",Unknown,https://www.immowelt.de/expose/415ae474-01b5-438e-891a-fac321a887a6,996,"Papenburg - Untenende,  Papenburg (26871)",0
Papenburg - Untenende, Papenburg (26871),220.000 3.306,2 Zimmer,"66,5 m²",Unknown,https://www.immowelt.de/expose/dd76c428-4057-4e9c-a0e0-df08fd549d79,996,"Papenburg - Untenende,  Papenburg (26871)",0
Papenburg - Untenende, Papenburg (26871),220.000 3.309,2 Zimmer,"66,5 m²",Unknown,https://www.immowelt.de/expose/b3b998a1-ea58-4c60-b0eb-4a9cf3d817d7,996,"Papenburg - Untenende,  Papenburg (26871)",3
Papenburg - Untenende, Papenburg (26871),220.000 3.462,2 Zimmer,"63,6 m²",Unknown,https://www.immowelt.de/expose/80f5f40b-82f4-4dc9-924e-67c5fffb5324,996,"Papenburg - Untenende,  Papenburg (26871)",3
Papenburg - Untenende, Papenburg (26871),275.000 3.308,3 Zimmer,"83,1 m²",Unknown,https://www.immowelt.de/expose/bd1fddce-b98a-48fc-91ac-3be5982799f1,996,"Papenburg - Untenende,  Papenburg (26871)",0
Papenburg - Untenende, Papenburg (26871),275.000 3.319,3 Zimmer,"82,9 m²",Unknown,https://www.immowelt.de/expose/81f92558-f1d7-4aae-b3c0-03889bb2a5c3,996,"Papenburg - Untenende,  Papenburg (26871)",3
Papenburg - Untenende, Papenburg (26871),220.000 3.385,2 Zimmer,65 m²,Unknown,https://www.immowelt.de/expose/9dc1fb40-e817-4ec2-b106-8f3882a43e10,996,"Papenburg - Untenende,  Papenburg (26871)",3
Papenburg - Untenende, Papenburg (26871),465.000 3.499,4 Zimmer,"132,9 m²",Unknown,https://www.immowelt.de/expose/95288c8d-bf4d-48f9-a03d-eab44675eb89,996,"Papenburg - Untenende,  Papenburg (26871)",3
Papenburg - Untenende, Papenburg (26871),465.000 3.494,4 Zimmer,"133,1 m²",Unknown,https://www.immowelt.de/expose/9233fd7d-7277-4e17-a23e-c6ecd06a8c5c,996,"Papenburg - Untenende,  Papenburg (26871)",3
Papenburg - Untenende, Papenburg (26871),285.000 3.316,3 Zimmer,86 m²,Unknown,https://www.immowelt.de/expose/7349e4b8-6ef4-46b7-8d9e-ae089404ee64,996,"Papenburg - Untenende,  Papenburg (26871)",3
Papenburg - Untenende, Papenburg (26871),285.000 3.323,3 Zimmer,"85,8 m²",Unknown,https://www.immowelt.de/expose/a00a58f5-2c1c-4288-926c-07c849437d13,996,"Papenburg - Untenende,  Papenburg (26871)",0
Papenburg - Untenende, Papenburg (26871),220.000 3.309,2 Zimmer,"66,5 m²",Unknown,https://www.immowelt.de/expose/aa4d52e1-e178-4ad3-b881-e9c991a4982b,996,"Papenburg - Untenende,  Papenburg (26871)",3
Papenburg - Untenende, Papenburg (26871),275.000 3.308,3 Zimmer,"83,1 m²",Unknown,https://www.immowelt.de/expose/672e91bd-c57c-4461-908c-f9f2eb213960,996,"Papenburg - Untenende,  Papenburg (26871)",3
Papenburg - Untenende, Papenburg (26871),275.000 3.319,3 Zimmer,"82,9 m²",Unknown,https://www.immowelt.de/expose/86d1311a-acf0-4b03-81e7-ecd644c46296,996,"Papenburg - Untenende,  Papenburg (26871)",3
Papenburg - Untenende, Papenburg (26871),220.000 3.386,2 Zimmer,65 m²,Unknown,https://www.immowelt.de/expose/9d28ddc1-6c22-499d-a7e7-a9795b5edc10,996,"Papenburg - Untenende,  Papenburg (26871)",3
Herbrum, Papenburg (26871),Preis auf Anfrage,6 Zimmer,255 m²,962 m² Grundstuck,https://www.immowelt.de/expose/766a0f06-9aef-4764-bd30-c4d3289a71b9,996,"Herbrum,  Papenburg (26871)",18
Papenburg - Obenende, Papenburg (26871),509.500 2.426,12 Zimmer,210 m²,531 m² Grundstuck,https://www.immowelt.de/expose/ab83dfad-a0cd-4ecb-86d9-2081f9318866,996,"Papenburg - Obenende,  Papenburg (26871)",65
Papenburg - Untenende, Papenburg (26871),248.000 4.215,2 Zimmer,"58,8 m²",1. Geschoss,https://www.immowelt.de/expose/3c3b9e80-f974-4f76-9c40-ec9cdb831ef6,996,"Papenburg - Untenende,  Papenburg (26871)",3
Papenburg - Untenende, Papenburg (26871),232.000 4.333,1 Zimmer,"53,5 m²",1. Geschoss,https://www.immowelt.de/expose/17218659-afb0-42c8-b426-2f2cea64df13,996,"Papenburg - Untenende,  Papenburg (26871)",3
Papenburg - Untenende, Papenburg (26871),268.000 4.203,2 Zimmer,"63,8 m²",1. Geschoss,https://www.immowelt.de/expose/64cb219a-a6ac-4518-aa7d-7aa2aa03101c,996,"Papenburg - Untenende,  Papenburg (26871)",0
Papenburg - Untenende, Papenburg (26871),167.000 4.355,2 Zimmer,"38,4 m²",1. Geschoss,https://www.immowelt.de/expose/9a70bc61-40a1-4d11-afc2-1446cb977f5c,996,"Papenburg - Untenende,  Papenburg (26871)",3
Papenburg - Untenende, Papenburg (26871),271.000 4.228,2 Zimmer,"64,1 m²",1. Geschoss,https://www.immowelt.de/expose/362e12c9-549c-4f9a-a2e8-9a40805c8810,996,"Papenburg - Untenende,  Papenburg (26871)",3
Papenburg - Untenende, Papenburg (26871),224.000 4.184,1 Zimmer,"53,5 m²",1. Geschoss,https://www.immowelt.de/expose/42e2e276-6589-49c3-b782-62c3b2d90769,996,"Papenburg - Untenende,  Papenburg (26871)",3
Papenburg - Untenende, Papenburg (26871),268.000 4.221,2 Zimmer,"63,5 m²",1. Geschoss,https://www.immowelt.de/expose/12f19e2f-27e1-46fc-b8e8-af75ee7ac23a,996,"Papenburg - Untenende,  Papenburg (26871)",3
Papenburg - Untenende, Papenburg (26871),240.000 4.289,1 Zimmer,56 m²,1. Geschoss,https://www.immowelt.de/expose/93460d07-70f7-46c6-94b9-c30c8b4d346b,996,"Papenburg - Untenende,  Papenburg (26871)",3
Papenburg - Untenende, Papenburg (26871),250.000 3.125,3 Zimmer,80 m²,Unknown,https://www.immowelt.de/expose/6aea1bbb-7410-46cc-886e-18276a43f166,996,"Papenburg - Untenende,  Papenburg (26871)",3
Papenburg - Untenende, Papenburg (26871),229.000 3.095,3 Zimmer,74 m²,Unknown,https://www.immowelt.de/expose/b35b4885-70b4-4f33-88f7-3758520c5523,996,"Papenburg - Untenende,  Papenburg (26871)",3
Papenburg - Untenende, Papenburg (26871),170.000 3.333,2 Zimmer,51 m²,Unknown,https://www.immowelt.de/expose/899917c1-4d76-49a8-97db-deef77ea12b3,996,"Papenburg - Untenende,  Papenburg (26871)",3
Papenburg - Untenende, Papenburg (26871),229.000 3.095,3 Zimmer,74 m²,Unknown,https://www.immowelt.de/expose/6b2e079b-9bcf-4b6e-bbfc-eef51c1acf6e,996,"Papenburg - Untenende,  Papenburg (26871)",3
Papenburg - Untenende, Papenburg (26871),229.000 3.053,3 Zimmer,75 m²,Unknown,https://www.immowelt.de/expose/ef3f7e55-c458-4392-9987-b5419a2ced09,996,"Papenburg - Untenende,  Papenburg (26871)",3
Papenburg - Untenende, Papenburg (26871),170.000 3.208,2 Zimmer,53 m²,Unknown,https://www.immowelt.de/expose/d0cb7844-3d85-41b3-a8f1-26aa8f0e5284,996,"Papenburg - Untenende,  Papenburg (26871)",3
Papenburg - Untenende, Papenburg (26871),229.000 3.137,3 Zimmer,73 m²,Unknown,https://www.immowelt.de/expose/d8a89301-6dfb-409e-8bd4-a3ad210845d4,996,"Papenburg - Untenende,  Papenburg (26871)",3
Papenburg - Untenende, Papenburg (26871),389.000 4.229,3 Zimmer,92 m²,1. Geschoss,https://www.immowelt.de/expose/3c6eb896-1af0-460f-8d99-d7cb86d230c1,996,"Papenburg - Untenende,  Papenburg (26871)",3
Bokel, Papenburg (26871),799.000 2.020,18 Zimmer,"395,6 m²",1.000 m² Grundstuck,https://www.immowelt.de/expose/817673d3-abee-4716-b105-5ab41a6e29b2,996,"Bokel,  Papenburg (26871)",0
Bokel, Papenburg (26871),799.000 2.020,18 Zimmer,"395,6 m²",1.000 m² Grundstuck,https://www.immowelt.de/expose/c66ea587-7658-49a0-8486-8480552bf260,996,"Bokel,  Papenburg (26871)",0
Aschendorf, Papenburg (26871),385.921 2.680,"4,5 Zimmer",144 m²,612 m² Grundstuck,https://www.immowelt.de/expose/70b71848-4cf1-4831-9043-1a72c4e6fb1d,996,"Aschendorf,  Papenburg (26871)",0
Aschendorf, Papenburg (26871),375.679 2.609,"4,5 Zimmer",144 m²,645 m² Grundstuck,https://www.immowelt.de/expose/fe2b201b-c137-41d9-8319-191fed621145,996,"Aschendorf,  Papenburg (26871)",0
Aschendorf, Papenburg (26871),385.921 2.680,"4,5 Zimmer",144 m²,612 m² Grundstuck,https://www.immowelt.de/expose/1af75c4b-d4d1-4dc9-bb18-67b7d6c6805a,996,"Aschendorf,  Papenburg (26871)",127
Aschendorf, Papenburg (26871),419.845 3.528,4 Zimmer,119 m²,481 m² Grundstuck,https://www.immowelt.de/expose/7aac6653-d5c9-4ed9-95cd-92e7963ce747,996,"Aschendorf,  Papenburg (26871)",127
Aschendorf, Papenburg (26871),419.201 3.846,109 m²,652 m² Grundstuck,Unknown,https://www.immowelt.de/expose/6537c148-f347-4f55-8a4a-bd7073c053b0,996,"Aschendorf,  Papenburg (26871)",127
Papenburg - Untenende, Papenburg (26871),950.000 1.583,21 Zimmer,600 m²,1.823 m² Grundstuck,https://www.immowelt.de/expose/dc8455e0-e5cd-4956-b146-de10c05a9b53,996,"Papenburg - Untenende,  Papenburg (26871)",3
Papenburg - Untenende, Papenburg (26871),950.000 1.583,21 Zimmer,600 m²,1.823 m² Grundstuck,https://www.immowelt.de/expose/8ec8da40-bd75-41b1-b356-dc374a36229b,996,"Papenburg - Untenende,  Papenburg (26871)",3
Sandberg 28a, Papenburg (26871),275.000 942,15 Zimmer,292 m²,1.072 m² Grundstuck,https://www.immowelt.de/expose/35c1e11a-4a7c-4237-be48-2d13d3d6042a,996,"Sandberg 28a,  Papenburg (26871)",39
Aschendorf, Aschendorf (26871),260.000 1.444,6 Zimmer,180 m²,700 m² Grundstuck,https://www.immowelt.de/expose/d2843508-afaf-4d03-b5cc-d84dab08734c,996,"Aschendorf,  Aschendorf (26871)",127
Papenburg - Untenende, Papenburg (26871),Preis auf Anfrage,8 Zimmer,271 m²,2.300 m² Grundstuck,https://www.immowelt.de/expose/9b6a1cbe-f3a5-467c-ac2e-3391a161d7fd,996,"Papenburg - Untenende,  Papenburg (26871)",3
Bokel, Papenburg (26871),450.000 2.711,5 Zimmer,166 m²,1.147 m² Grundstuck,https://www.immowelt.de/expose/a71e637b-6dca-4223-8c7b-e6da7203433d,996,"Bokel,  Papenburg (26871)",0
Bokel, Papenburg (26871),207.000 1.428,6 Zimmer,145 m²,864 m² Grundstuck,https://www.immowelt.de/expose/b737938c-d894-463a-a238-37e2e4ca5b3c,996,"Bokel,  Papenburg (26871)",0
Aschendorf, Papenburg / Aschendorf (Ems) (26871),Preis auf Anfrage,"592,2 m²",665 m² Grundstuck,Unknown,https://www.immowelt.de/expose/d04b054a-ecaf-4391-a522-34f8477331c6,996,"Aschendorf,  Papenburg / Aschendorf (Ems) (26871)",127
Papenburg - Untenende, Papenburg (26871),382.500 2.250,5 Zimmer,170 m²,683 m² Grundstuck,https://www.immowelt.de/expose/b9002f91-df1a-4362-9e15-577037495bbf,996,"Papenburg - Untenende,  Papenburg (26871)",3
Papenburg - Obenende, Papenburg (26871),Preis auf Anfrage,"223,1 m²",1.151 m² Grundstuck,Unknown,https://www.immowelt.de/expose/0c4eb8b0-54f7-4bf3-a3b8-556497f15d47,996,"Papenburg - Obenende,  Papenburg (26871)",65
Papenburg - Untenende, Papenburg (26871),150.000 1.200,6 Zimmer,125 m²,715 m² Grundstuck,https://www.immowelt.de/expose/1a61517b-2505-460d-a6c0-48c3d3c92b49,996,"Papenburg - Untenende,  Papenburg (26871)",3
Papenburg - Untenende, Papenburg (26871),135.000 1.849,3 Zimmer,73 m²,Unknown,https://www.immowelt.de/expose/74688e73-c725-4d4b-b748-80e9c5a0d853,996,"Papenburg - Untenende,  Papenburg (26871)",3
Papenburg - Obenende, Papenburg (26871),159.000 2.287,3 Zimmer,"69,5 m²",222 m² Grundstuck,https://www.immowelt.de/expose/df679c23-752f-4440-8b33-b0f14162f086,996,"Papenburg - Obenende,  Papenburg (26871)",65
Papenburg - Untenende, Papenburg (26871),Preis auf Anfrage,3 Zimmer,"101,1 m²",Unknown,https://www.immowelt.de/expose/58c2fe2f-77a5-4c18-b31a-e41c046967d2,996,"Papenburg - Untenende,  Papenburg (26871)",3
Papenburg - Untenende, Papenburg (26871),Preis auf Anfrage,3 Zimmer,"101,1 m²",Unknown,https://www.immowelt.de/expose/d97ac900-ab85-4b6a-9c2a-a47164b48a0f,996,"Papenburg - Untenende,  Papenburg (26871)",3
Papenburg - Untenende, Papenburg (26871),249.000 3.401,3 Zimmer,"73,2 m²",EG,https://www.immowelt.de/expose/aa11651e-f227-4f4b-8d8f-f40c3871b003,996,"Papenburg - Untenende,  Papenburg (26871)",3
Papenburg - Obenende, Papenburg (26871),890.000 3.225,8 Zimmer,276 m²,988 m² Grundstuck,https://www.immowelt.de/expose/fc423e74-9546-46e7-82e0-71f4a2da4687,996,"Papenburg - Obenende,  Papenburg (26871)",65
Papenburg - Untenende, Papenburg (26871),189.000 3.229,2 Zimmer,"58,5 m²",2. Geschoss,https://www.immowelt.de/expose/33585f22-1701-43c6-a687-1648600863d1,996,"Papenburg - Untenende,  Papenburg (26871)",3
Bokel, Papenburg (26871),210.000 3.010,3 Zimmer,"69,8 m²",EG,https://www.immowelt.de/expose/3efcee82-b850-482e-92fd-221eee1eec5f,996,"Bokel,  Papenburg (26871)",0
Aschendorf, Papenburg (26871),190.000 3.800,"1,5 Zimmer",50 m²,frei ab sofort,https://www.immowelt.de/expose/4fa6f7e6-d9f5-4162-9bdd-24f9e4f97b70,996,"Aschendorf,  Papenburg (26871)",127
Bokel, Papenburg (26871),799.000 2.020,"395,6 m²",1.000 m² Grundstuck,Unknown,https://www.immowelt.de/expose/a18bac8a-2186-4cd9-9546-c5f879b4b2cd,996,"Bokel,  Papenburg (26871)",0
Papenburg - Untenende, Papenburg (26871),560.000 2.700,8 Zimmer,"207,4 m²",1.482 m² Grundstuck,https://www.immowelt.de/expose/2f9a49ed-a293-423e-a300-54f2eb2a129f,996,"Papenburg - Untenende,  Papenburg (26871)",3
Aschendorf, Papenburg / Aschendorf (Ems) (26871),499.000 1.833,7 Zimmer,"272,2 m²","854,2 m² Grundstuck",https://www.immowelt.de/expose/766148c7-569f-4981-af3d-ae36ea801808,996,"Aschendorf,  Papenburg / Aschendorf (Ems) (26871)",127
Papenburg - Untenende, Papenburg (26871),247.000 2.470,4 Zimmer,100 m²,468 m² Grundstuck,https://www.immowelt.de/expose/c52ef37a-7079-4ba6-8128-d8eecae4ad79,996,"Papenburg - Untenende,  Papenburg (26871)",3
Papenburg - Untenende, Papenburg (26871),247.000 2.470,4 Zimmer,100 m²,468 m² Grundstuck,https://www.immowelt.de/expose/9ac747d6-8443-404c-9781-0896ee5e810b,996,"Papenburg - Untenende,  Papenburg (26871)",3
DÃ¶rpen, DÃ¶rpen (26892),335.000 3.278,3 Zimmer,"102,2 m²",Unknown,https://www.immowelt.de/expose/53d75b56-01af-4da6-95bd-719ff4739b32,996,"DÃ¶rpen,  DÃ¶rpen (26892)",0
VÃ¶llen, Westoverledingen (26810),150.000 1.596,5 Zimmer,94 m²,4.235 m² Grundstuck,https://www.immowelt.de/expose/120eead8-b353-4a00-ba5a-852894bc6420,996,"VÃ¶llen,  Westoverledingen (26810)",0
